Workbook

Sheet Özet
A1: RUHSAT HESAP — PROJE RAPORU
A3: PARSEL BİLGİLERİ | D3: TAKS / KAKS VE KONTROLLER
A4: Proje | B4: Çınar Apartmanı | D4: Azami TAKS Alanı | E4: =ROUND(B11*B12,2) -> 564.072
A5: İl | B5: İstanbul | D5: Azami Emsal Alanı | E5: =ROUND(IF(B15="direct",B14,B11*B13),2) -> 1128.144
A6: İlçe | B6: Kadıköy | D6: Hesaplanan Emsal | E6: ='Emsal Hesabı'!H14 -> 1053.86
A7: Mahalle | B7: Koşuyolu | D7: Emsal Aşımı | E7: =ROUND(MAX(0,E6-E5),2) -> 0
A8: Ada | B8: 2170 | D8: Emsal Kontrolü | E8: =IF(E7>0,"AŞIM: "&TEXT(E7,"0.00")&" m²","✓ UYGUN") -> 0
A9: Parsel | B9: 14
D10: Gerekli Ağaç | E10: =ROUNDUP(MAX(0,(B11-B16)/30),0) -> 31
A11: Parsel Alanı (m²) | B11: 1410.18 | D11: Gerekli Otopark | E11: =ROUNDUP('Bağımsız Bölümler'!N16,0) -> 5
A12: TAKS Oranı | B12: 0.4 | D12: Projede Ayrılan Otopark | E12: 12
A13: KAKS Oranı | B13: 0.8 | D13: Otopark Kontrolü | E13: =IF(E12>=E11,"✓ SAĞLANDI","EKSİK: "&(E11-E12)) -> 0
A14: Doğrudan Emsal Hakkı | B14: 0
A15: Emsal Yöntemi | B15: kaks | D15: Toplam Yapı İnşaat Alanı | E15: =ROUND(SUM('İnşaat Alanı'!D4:D7),2) -> 1331.2
A16: Yapı Oturum Alanı | B16: 491 | D16: İstinat Duvarı | E16: ='Diğer Hesaplar'!B5 -> 652.82
A19: Çıktıdaki mavi hücreler proje girdilerini, yeşil toplamlar formül sonuçlarını gösterir. Excel açıldığında formüller yeniden hesaplanır.

Sheet Emsal Hesabı
A1: EMSAL HESAP TABLOSU
A3: Blok | B3: Kat | C3: Emsale Konu Kat Holü | D3: Merdiven | E3: Saçak | F3: %30 Dahil Toplam | G3: Emsal Dışı | H3: Emsal Alan | I3: Toplam İnşaat
A4: A | B4: Bodrum Kat | C4: 0 | D4: 11.35 | E4: 4.28 | F4: =ROUND(SUM(C4:E4),2) -> 15.63 | G4: 57.08 | H4: 104.81 | I4: =ROUND(SUM(F4:H4),2) -> 177.52
A5: A | B5: Zemin Kat | C5: 17.04 | D5: 11.06 | E5: 1.85 | F5: =ROUND(SUM(C5:E5),2) -> 29.95 | G5: 0 | H5: 211.06 | I5: =ROUND(SUM(F5:H5),2) -> 241.01
A6: A | B6: 1. Kat | C6: 17.03 | D6: 11.06 | E6: 0 | F6: =ROUND(SUM(C6:E6),2) -> 28.09 | G6: 0 | H6: 211.06 | I6: =ROUND(SUM(F6:H6),2) -> 239.15
A7: A | B7: Çatı Katı | C7: 0 | D7: 13.73 | E7: 0 | F7: =ROUND(SUM(C7:E7),2) -> 13.73 | G7: 0 | H7: 0 | I7: =ROUND(SUM(F7:H7),2) -> 13.73
A8: A BLOK TOPLAMI | C8: =ROUND(SUM(C4:C7),2) -> 0 | D8: =ROUND(SUM(D4:D7),2) -> 0 | E8: =ROUND(SUM(E4:E7),2) -> 0 | F8: =ROUND(SUM(F4:F7),2) -> 0 | G8: =ROUND(SUM(G4:G7),2) -> 0 | H8: =ROUND(SUM(H4:H7),2) -> 0 | I8: =ROUND(SUM(I4:I7),2) -> 0
A9: B | B9: Bodrum Kat | C9: 0 | D9: 11.35 | E9: 4.28 | F9: =ROUND(SUM(C9:E9),2) -> 15.63 | G9: 57.08 | H9: 104.81 | I9: =ROUND(SUM(F9:H9),2) -> 177.52
A10: B | B10: Zemin Kat | C10: 17.04 | D10: 11.06 | E10: 1.85 | F10: =ROUND(SUM(C10:E10),2) -> 29.95 | G10: 0 | H10: 211.06 | I10: =ROUND(SUM(F10:H10),2) -> 241.01
A11: B | B11: 1. Kat | C11: 17.03 | D11: 11.06 | E11: 0 | F11: =ROUND(SUM(C11:E11),2) -> 28.09 | G11: 0 | H11: 211.06 | I11: =ROUND(SUM(F11:H11),2) -> 239.15
A12: B | B12: Çatı Katı | C12: 0 | D12: 13.73 | E12: 0 | F12: =ROUND(SUM(C12:E12),2) -> 13.73 | G12: 0 | H12: 0 | I12: =ROUND(SUM(F12:H12),2) -> 13.73
A13: B BLOK TOPLAMI | C13: =ROUND(SUM(C9:C12),2) -> 0 | D13: =ROUND(SUM(D9:D12),2) -> 0 | E13: =ROUND(SUM(E9:E12),2) -> 0 | F13: =ROUND(SUM(F9:F12),2) -> 0 | G13: =ROUND(SUM(G9:G12),2) -> 0 | H13: =ROUND(SUM(H9:H12),2) -> 0 | I13: =ROUND(SUM(I9:I12),2) -> 0
A14: GENEL TOPLAM | C14: =ROUND(SUM(C8,C13),2) -> 0 | D14: =ROUND(SUM(D8,D13),2) -> 0 | E14: =ROUND(SUM(E8,E13),2) -> 0 | F14: =ROUND(SUM(F8,F13),2) -> 0 | G14: =ROUND(SUM(G8,G13),2) -> 0 | H14: =ROUND(SUM(H8,H13),2) -> 0 | I14: =ROUND(SUM(I8,I13),2) -> 0

Sheet Bağımsız Bölümler
A1: BAĞIMSIZ BÖLÜM ALAN TABLOSU
A3: Blok | B3: BB No | C3: Kat | D3: Nitelik | E3: Oda | F3: BB Brüt | G3: Eklenti Brüt | H3: Toplam Brüt | I3: Genel Brüt | J3: BB Net | K3: Eklenti Net | L3: %20 Balkon | M3: Balkon Alanı | N3: Otopark Payı
A4: A | B4: 1 | C4: Zemin Kat | D4: Mesken | E4: 2 | F4: 66.27 | G4: 0 | H4: =ROUND(F4+G4,2) -> 66.27 | I4: =ROUND(H4+35.908333,2) -> 102.17833 | J4: 33.29 | K4: 0 | L4: =ROUND(J4/5,2) -> 6.658 | M4: 5 | N4: =IF(F4<=0,0,IF(F4<80,1/3,IF(F4<120,1/2,IF(F4<180,1,2)))) -> 0.333333
A5: A | B5: 2 | C5: Zemin Kat | D5: Mesken | E5: 3 | F5: 83.78 | G5: 0 | H5: =ROUND(F5+G5,2) -> 83.78 | I5: =ROUND(H5+35.908333,2) -> 119.68833 | J5: 47.48 | K5: 0 | L5: =ROUND(J5/5,2) -> 9.496 | M5: 4.8 | N5: =IF(F5<=0,0,IF(F5<80,1/3,IF(F5<120,1/2,IF(F5<180,1,2)))) -> 0.5
A6: A | B6: 3 | C6: 1. Kat | D6: Mesken | E6: 1 | F6: 66.27 | G6: 0 | H6: =ROUND(F6+G6,2) -> 66.27 | I6: =ROUND(H6+35.908333,2) -> 102.17833 | J6: 33.29 | K6: 0 | L6: =ROUND(J6/5,2) -> 6.658 | M6: 5 | N6: =IF(F6<=0,0,IF(F6<80,1/3,IF(F6<120,1/2,IF(F6<180,1,2)))) -> 0.333333
A7: A | B7: 4 | C7: 1. Kat | D7: Mesken | E7: 2 | F7: 83.78 | G7: 0 | H7: =ROUND(F7+G7,2) -> 83.78 | I7: =ROUND(H7+35.908333,2) -> 119.68833 | J7: 47.48 | K7: 0 | L7: =ROUND(J7/5,2) -> 9.496 | M7: 4.8 | N7: =IF(F7<=0,0,IF(F7<80,1/3,IF(F7<120,1/2,IF(F7<180,1,2)))) -> 0.5
A8: A | B8: 5 | C8: Bodrum Kat | D8: Mesken | E8: 3 | F8: 66.27 | G8: 0 | H8: =ROUND(F8+G8,2) -> 66.27 | I8: =ROUND(H8+35.908333,2) -> 102.17833 | J8: 33.29 | K8: 0 | L8: =ROUND(J8/5,2) -> 6.658 | M8: 5 | N8: =IF(F8<=0,0,IF(F8<80,1/3,IF(F8<120,1/2,IF(F8<180,1,2)))) -> 0.333333
A9: A | B9: 6 | C9: Bodrum Kat | D9: Mesken | E9: 1 | F9: 83.78 | G9: 0 | H9: =ROUND(F9+G9,2) -> 83.78 | I9: =ROUND(H9+35.908333,2) -> 119.68833 | J9: 47.48 | K9: 0 | L9: =ROUND(J9/5,2) -> 9.496 | M9: 4.8 | N9: =IF(F9<=0,0,IF(F9<80,1/3,IF(F9<120,1/2,IF(F9<180,1,2)))) -> 0.5
A10: B | B10: 1 | C10: Zemin Kat | D10: Mesken | E10: 2 | F10: 66.27 | G10: 0 | H10: =ROUND(F10+G10,2) -> 66.27 | I10: =ROUND(H10+35.908333,2) -> 102.17833 | J10: 33.29 | K10: 0 | L10: =ROUND(J10/5,2) -> 6.658 | M10: 5 | N10: =IF(F10<=0,0,IF(F10<80,1/3,IF(F10<120,1/2,IF(F10<180,1,2)))) -> 0.333333
A11: B | B11: 2 | C11: Zemin Kat | D11: Mesken | E11: 3 | F11: 83.78 | G11: 0 | H11: =ROUND(F11+G11,2) -> 83.78 | I11: =ROUND(H11+35.908333,2) -> 119.68833 | J11: 47.48 | K11: 0 | L11: =ROUND(J11/5,2) -> 9.496 | M11: 4.8 | N11: =IF(F11<=0,0,IF(F11<80,1/3,IF(F11<120,1/2,IF(F11<180,1,2)))) -> 0.5
A12: B | B12: 3 | C12: 1. Kat | D12: Mesken | E12: 1 | F12: 66.27 | G12: 0 | H12: =ROUND(F12+G12,2) -> 66.27 | I12: =ROUND(H12+35.908333,2) -> 102.17833 | J12: 33.29 | K12: 0 | L12: =ROUND(J12/5,2) -> 6.658 | M12: 5 | N12: =IF(F12<=0,0,IF(F12<80,1/3,IF(F12<120,1/2,IF(F12<180,1,2)))) -> 0.333333
A13: B | B13: 4 | C13: 1. Kat | D13: Mesken | E13: 2 | F13: 83.78 | G13: 0 | H13: =ROUND(F13+G13,2) -> 83.78 | I13: =ROUND(H13+35.908333,2) -> 119.68833 | J13: 47.48 | K13: 0 | L13: =ROUND(J13/5,2) -> 9.496 | M13: 4.8 | N13: =IF(F13<=0,0,IF(F13<80,1/3,IF(F13<120,1/2,IF(F13<180,1,2)))) -> 0.5
A14: B | B14: 5 | C14: Bodrum Kat | D14: Mesken | E14: 3 | F14: 66.27 | G14: 0 | H14: =ROUND(F14+G14,2) -> 66.27 | I14: =ROUND(H14+35.908333,2) -> 102.17833 | J14: 33.29 | K14: 0 | L14: =ROUND(J14/5,2) -> 6.658 | M14: 5 | N14: =IF(F14<=0,0,IF(F14<80,1/3,IF(F14<120,1/2,IF(F14<180,1,2)))) -> 0.333333
A15: B | B15: 6 | C15: Bodrum Kat | D15: Mesken | E15: 1 | F15: 83.78 | G15: 0 | H15: =ROUND(F15+G15,2) -> 83.78 | I15: =ROUND(H15+35.908333,2) -> 119.68833 | J15: 47.48 | K15: 0 | L15: =ROUND(J15/5,2) -> 9.496 | M15: 4.8 | N15: =IF(F15<=0,0,IF(F15<80,1/3,IF(F15<120,1/2,IF(F15<180,1,2)))) -> 0.5
A16: GENEL TOPLAM | F16: =ROUND(SUM(F4:F15),2) -> 0 | G16: =ROUND(SUM(G4:G15),2) -> 0 | H16: =ROUND(SUM(H4:H15),2) -> 0 | I16: =ROUND(SUM(I4:I15),2) -> 0 | J16: =ROUND(SUM(J4:J15),2) -> 0 | K16: =ROUND(SUM(K4:K15),2) -> 0 | L16: =ROUND(SUM(L4:L15),2) -> 0 | M16: =ROUND(SUM(M4:M15),2) -> 0 | N16: =SUM(N4:N15) -> 0

Sheet Kat İrtifakı
A1: KAT İRTİFAKI TABLOSU
A3: Blok | B3: BB No | C3: Değeri | D3: Arsa Payı | E3: Bulunduğu Kat | F3: Niteliği | G3: Eklenti | H3: BB Brüt Alanı | I3: BB Net Alanı | J3: Maliki
A4: A | B4: 1 | D4: 1/12 | E4: Zemin Kat | F4: Mesken | H4: 66.27 | I4: 33.29 | J4: Malik 1
A5: A | B5: 2 | D5: 1/12 | E5: Zemin Kat | F5: Mesken | H5: 83.78 | I5: 47.48 | J5: Malik 2
A6: A | B6: 3 | D6: 1/12 | E6: 1. Kat | F6: Mesken | H6: 66.27 | I6: 33.29 | J6: Malik 3
A7: A | B7: 4 | D7: 1/12 | E7: 1. Kat | F7: Mesken | H7: 83.78 | I7: 47.48 | J7: Malik 4
A8: A | B8: 5 | D8: 1/12 | E8: Bodrum Kat | F8: Mesken | H8: 66.27 | I8: 33.29 | J8: Malik 5
A9: A | B9: 6 | D9: 1/12 | E9: Bodrum Kat | F9: Mesken | H9: 83.78 | I9: 47.48 | J9: Malik 6
A10: B | B10: 1 | D10: 1/12 | E10: Zemin Kat | F10: Mesken | H10: 66.27 | I10: 33.29 | J10: Malik 1
A11: B | B11: 2 | D11: 1/12 | E11: Zemin Kat | F11: Mesken | H11: 83.78 | I11: 47.48 | J11: Malik 2
A12: B | B12: 3 | D12: 1/12 | E12: 1. Kat | F12: Mesken | H12: 66.27 | I12: 33.29 | J12: Malik 3
A13: B | B13: 4 | D13: 1/12 | E13: 1. Kat | F13: Mesken | H13: 83.78 | I13: 47.48 | J13: Malik 4
A14: B | B14: 5 | D14: 1/12 | E14: Bodrum Kat | F14: Mesken | H14: 66.27 | I14: 33.29 | J14: Malik 5
A15: B | B15: 6 | D15: 1/12 | E15: Bodrum Kat | F15: Mesken | H15: 83.78 | I15: 47.48 | J15: Malik 6
A16: GENEL TOPLAM | H16: =SUM(H4:H15) -> 0 | I16: =SUM(I4:I15) -> 0

Sheet Yapı İnşaat Alanı
A1: YAPI İNŞAAT ALANI
A3: Blok | B3: Kat | C3: BB Brüt Alanı | D3: Asansör | E3: Enerji Odası | F3: Toplam Kat Holü | G3: Merdiven | H3: Sığınak | I3: Su Deposu | J3: Kat Yüzölçümü
A4: A | B4: Bodrum Kat | C4: 150.05 | D4: 4.49 | E4: 9.49 | F4: 21.45 | G4: 11.35 | H4: 57.08 | I4: 17.28 | J4: =ROUND(SUM(C4:I4),2) -> 271.19
A5: A | B5: Zemin Kat | C5: 150.05 | D5: 4.49 | E5: 0 | F5: 17.04 | G5: 11.06 | H5: 0 | I5: 0 | J5: =ROUND(SUM(C5:I5),2) -> 182.64
A6: A | B6: 1. Kat | C6: 150.05 | D6: 4.49 | E6: 0 | F6: 17.03 | G6: 11.06 | H6: 0 | I6: 0 | J6: =ROUND(SUM(C6:I6),2) -> 182.63
A7: A | B7: Çatı Katı | C7: 0 | D7: 5.59 | E7: 0 | F7: 9.82 | G7: 13.73 | H7: 0 | I7: 0 | J7: =ROUND(SUM(C7:I7),2) -> 29.14
A8: B | B8: Bodrum Kat | C8: 150.05 | D8: 4.49 | E8: 9.49 | F8: 21.45 | G8: 11.35 | H8: 57.08 | I8: 17.28 | J8: =ROUND(SUM(C8:I8),2) -> 271.19
A9: B | B9: Zemin Kat | C9: 150.05 | D9: 4.49 | E9: 0 | F9: 17.04 | G9: 11.06 | H9: 0 | I9: 0 | J9: =ROUND(SUM(C9:I9),2) -> 182.64
A10: B | B10: 1. Kat | C10: 150.05 | D10: 4.49 | E10: 0 | F10: 17.03 | G10: 11.06 | H10: 0 | I10: 0 | J10: =ROUND(SUM(C10:I10),2) -> 182.63
A11: B | B11: Çatı Katı | C11: 0 | D11: 5.59 | E11: 0 | F11: 9.82 | G11: 13.73 | H11: 0 | I11: 0 | J11: =ROUND(SUM(C11:I11),2) -> 29.14
A12: GENEL TOPLAM | C12: =ROUND(SUM(C4:C11),2) -> 0 | D12: =ROUND(SUM(D4:D11),2) -> 0 | E12: =ROUND(SUM(E4:E11),2) -> 0 | F12: =ROUND(SUM(F4:F11),2) -> 0 | G12: =ROUND(SUM(G4:G11),2) -> 0 | H12: =ROUND(SUM(H4:H11),2) -> 0 | I12: =ROUND(SUM(I4:I11),2) -> 0 | J12: =ROUND(SUM(J4:J11),2) -> 0

Sheet İnşaat Alanı
A1: İNŞAAT ALANI HESABI
A3: Kat / Alan | B3: A BLOK | C3: B BLOK | D3: TOPLAM
A4: Bodrum Kat | B4: ='Yapı İnşaat Alanı'!J4 -> 271.19 | C4: ='Yapı İnşaat Alanı'!J8 -> 271.19 | D4: =ROUND(SUM(B4:C4),2) -> 542.38
A5: Zemin Kat | B5: ='Yapı İnşaat Alanı'!J5 -> 182.64 | C5: ='Yapı İnşaat Alanı'!J9 -> 182.64 | D5: =ROUND(SUM(B5:C5),2) -> 365.28
A6: 1. Kat | B6: ='Yapı İnşaat Alanı'!J6 -> 182.63 | C6: ='Yapı İnşaat Alanı'!J10 -> 182.63 | D6: =ROUND(SUM(B6:C6),2) -> 365.26
A7: Çatı Katı | B7: ='Yapı İnşaat Alanı'!J7 -> 29.14 | C7: ='Yapı İnşaat Alanı'!J11 -> 29.14 | D7: =ROUND(SUM(B7:C7),2) -> 58.28
A8: İstinat Duvarı | B8: — | C8: — | D8: ='Diğer Hesaplar'!B5 -> 652.82
A9: GENEL TOPLAM | B9: =ROUND(SUM(B4:B8),2) -> 0 | C9: =ROUND(SUM(C4:C8),2) -> 0 | D9: =ROUND(SUM(D4:D8),2) -> 0

Sheet Diğer Hesaplar
A1: DİĞER RUHSAT HESAPLARI
A3: İSTİNAT DUVARI ALAN HESABI
A4: İstinat Duvarı | B4: Alan (m²)
A5: TOPLAM | B5: =ROUND(SUM(B6:B7),2) -> 652.82
A6: İstinat Duvarı 1 | B6: 312.4
A7: İstinat Duvarı 2 | B7: 340.42
A10: 0.00 VE SUBASMAN KOTLARI
A11: Blok | B11: 0.00 Kotu | C11: Subasman Kotu
A12: A | B12: +114,50 | C12: +115,35
A13: B | B13: +114,50 | C13: +115,35
A16: OTOPARK HESABI
A17: Gerekli Otopark | B17: 5
A18: Projede Ayrılan | B18: 12
A19: Kontrol | B19: =IF(B18>=B17,"SAĞLANDI","EKSİK") -> 0
A22: KAZI–DOLGU HESABI
A23: Harita mühendisinin hazırladığı kazı dolgu belgesine göre işlem yapılacaktır.
A26: Sığınak Hesabı
A27: Sığınak gerekliliği kullanım türü, bağımsız bölüm/yatak/kişi sayısı ve emsale konu alana göre yönetmelik kapsamında kontrol edilir.
